OrderID,ProductID,Quantity
O000000000,P000000000,1
O000000000,P000000024,1
O000000000,P000000046,2
O000000000,P000000048,2
O000000001,P000000000,4
O000000001,P000000023,1
O000000001,P000000047,3
O000000002,P000000000,2
O000000003,P000000010,1
O000000004,P000000018,4
O000000004,P000000030,2
O000000004,P000000041,7
O000000005,P000000007,1
O000000005,P000000050,8
O000000006,P000000030,4
O000000006,P000000034,1
O000000006,P000000047,3
O000000007,P000000026,6
O000000007,P000000042,1
O000000008,P000000007,1
O000000008,P000000034,1
O000000008,P000000047,3
O000000009,P000000004,7
O000000009,P000000005,1
O000000009,P000000022,1
O000000010,P000000019,15
O000000010,P000000034,1
O000000011,P000000003,1
O000000011,P000000006,1
O000000011,P000000041,6
O000000012,P000000014,8
O000000012,P000000032,9
O000000013,P000000035,1
O000000014,P000000048,1
O000000014,P000000053,23
O000000015,P000000015,6
O000000015,P000000029,6
O000000016,P000000022,1
O000000016,P000000050,5
O000000017,P000000007,1
O000000017,P000000013,1
O000000017,P000000017,3
O000000018,P000000013,1
O000000018,P000000025,10
O000000019,P000000013,1
O000000020,P000000053,10
O000000021,P000000016,1
O000000021,P000000035,1
O000000022,P000000002,1
O000000022,P000000024,1
O000000022,P000000033,3
O000000023,P000000015,7
O000000023,P000000039,2
O000000024,P000000000,3
O000000024,P000000009,2
O000000024,P000000011,1
O000000025,P000000015,4
O000000025,P000000022,1
O000000026,P000000004,12
O000000026,P000000023,2
O000000026,P000000051,2
O000000027,P000000004,6
O000000027,P000000028,6
O000000028,P000000015,4
O000000028,P000000034,1
O000000028,P000000048,1
O000000029,P000000016,1
O000000030,P000000018,12
O000000030,P000000032,8
O000000031,P000000026,2
O000000031,P000000053,24
O000000032,P000000040,1
O000000032,P000000044,13
O000000032,P000000052,1
O000000033,P000000004,8
O000000033,P000000036,4
O000000033,P000000051,1
O000000034,P000000037,2
O000000035,P000000028,9
O000000036,P000000036,3
O000000036,P000000043,4
O000000037,P000000039,1
O000000038,P000000002,1
O000000038,P000000029,14
O000000038,P000000032,7
O000000039,P000000029,15
O000000039,P000000041,4
O000000040,P000000009,4
O000000040,P000000038,1
O000000040,P000000043,5
O000000041,P000000052,1
O000000042,P000000042,1
O000000042,P000000048,1
O000000043,P000000029,9
O000000044,P000000027,5
O000000044,P000000032,5
O000000045,P000000013,1
O000000046,P000000014,5
O000000047,P000000011,1
O000000047,P000000038,1
O000000048,P000000050,11
O000000049,P000000018,7
O000000050,P000000040,1
O000000050,P000000053,16
O000000051,P000000019,14
O000000051,P000000020,3
O000000051,P000000052,1
O000000052,P000000007,3
O000000052,P000000028,5
O000000053,P000000015,7
O000000054,P000000000,5
O000000054,P000000037,2
O000000054,P000000049,5
O000000055,P000000004,8
O000000055,P000000006,1
O000000055,P000000042,1
O000000056,P000000008,1
O000000056,P000000031,1
O000000057,P000000008,1
O000000057,P000000026,3
O000000057,P000000047,3
O000000058,P000000007,2
O000000058,P000000031,2
O000000058,P000000050,11
O000000059,P000000047,2
O000000060,P000000005,1
O000000060,P000000042,1
O000000060,P000000051,1
O000000061,P000000044,9
O000000062,P000000016,1
O000000062,P000000019,14
O000000062,P000000051,1
O000000063,P000000005,1
O000000063,P000000048,1
O000000063,P000000049,7
O000000064,P000000024,1
O000000064,P000000044,9
O000000065,P000000023,2
O000000065,P000000030,2
O000000065,P000000037,2
O000000066,P000000024,1
O000000066,P000000036,6
O000000066,P000000052,1
O000000067,P000000015,7
O000000068,P000000014,5
O000000068,P000000015,8
O000000068,P000000038,1
O000000069,P000000017,7
O000000069,P000000021,1
O000000069,P000000033,2
O000000070,P000000005,1
O000000070,P000000040,1
O000000070,P000000046,2
O000000071,P000000001,1
O000000072,P000000013,1
O000000072,P000000015,3
O000000072,P000000017,7
O000000073,P000000013,1
O000000074,P000000005,1
O000000074,P000000007,2
O000000074,P000000024,1
O000000075,P000000018,9
O000000076,P000000014,11
O000000076,P000000043,3
O000000076,P000000053,20
O000000077,P000000027,7
O000000078,P000000004,8
O000000078,P000000032,11
O000000078,P000000042,1
O000000079,P000000005,1
O000000079,P000000014,7
O000000080,P000000005,1
O000000080,P000000022,1
O000000081,P000000007,1
O000000081,P000000011,2
O000000081,P000000037,1
O000000082,P000000019,11
O000000083,P000000003,1
O000000083,P000000019,9
O000000083,P000000041,8
O000000084,P000000015,8
O000000085,P000000017,8
O000000085,P000000036,4
O000000086,P000000002,1
O000000086,P000000034,1
O000000087,P000000039,1
O000000088,P000000008,2
O000000089,P000000005,1
O000000089,P000000050,8
O000000090,P000000030,2
O000000090,P000000036,6
O000000090,P000000049,14
O000000091,P000000009,4
O000000091,P000000026,4
O000000091,P000000035,1
O000000092,P000000018,5
O000000092,P000000027,4
O000000092,P000000037,2
O000000093,P000000021,1
O000000093,P000000030,6
O000000093,P000000033,2
O000000094,P000000010,1
O000000094,P000000022,1
O000000095,P000000005,1
O000000095,P000000010,1
O000000095,P000000052,1
O000000096,P000000005,1
O000000096,P000000014,7
O000000097,P000000014,8
O000000097,P000000019,8
O000000097,P000000022,1
O000000098,P000000004,5
O000000098,P000000023,2
O000000099,P000000040,2
O000000100,P000000000,3
O000000100,P000000036,5
O000000100,P000000052,1
O000000101,P000000033,2
O000000102,P000000032,11
O000000103,P000000006,1
O000000104,P000000024,1
O000000104,P000000034,1
O000000104,P000000045,2
O000000105,P000000003,1
O000000105,P000000045,1
O000000106,P000000037,2
O000000106,P000000043,5
O000000106,P000000048,2
O000000107,P000000023,3
O000000107,P000000030,5
O000000108,P000000034,1
O000000109,P000000010,1
O000000109,P000000032,11
O000000109,P000000045,3
O000000110,P000000027,4
O000000110,P000000036,3
O000000110,P000000050,6
O000000111,P000000051,1
O000000112,P000000016,1
O000000112,P000000025,5
O000000112,P000000039,2
O000000113,P000000047,4
O000000114,P000000002,1
O000000114,P000000043,4
O000000115,P000000035,1
O000000116,P000000016,1
O000000116,P000000029,15
O000000116,P000000053,19
O000000117,P000000031,1
O000000117,P000000045,3
O000000118,P000000017,2
O000000118,P000000033,2
O000000118,P000000041,4
O000000119,P000000007,2
O000000119,P000000046,1
O000000119,P000000048,2
O000000120,P000000002,1
O000000120,P000000003,1
O000000120,P000000006,1
O000000121,P000000002,1
O000000121,P000000037,2
O000000121,P000000052,1
O000000122,P000000035,1
O000000122,P000000049,5
O000000122,P000000053,25
O000000123,P000000033,2
O000000124,P000000005,1
O000000124,P000000032,8
O000000125,P000000010,1
O000000125,P000000034,1
O000000126,P000000034,1
O000000126,P000000041,8
O000000127,P000000032,8
O000000127,P000000040,1
O000000127,P000000043,6
O000000128,P000000002,1
O000000128,P000000019,15
O000000129,P000000006,1
O000000129,P000000041,7
O000000130,P000000001,1
O000000130,P000000010,1
O000000130,P000000045,4
O000000131,P000000010,1
O000000132,P000000035,1
O000000132,P000000043,3
O000000133,P000000007,3
O000000133,P000000027,3
O000000134,P000000007,3
O000000134,P000000025,9
O000000134,P000000041,7
O000000135,P000000020,3
O000000135,P000000037,2
O000000135,P000000038,1
O000000136,P000000008,1
O000000136,P000000034,1
O000000136,P000000035,1
O000000137,P000000029,11
O000000138,P000000018,6
O000000139,P000000016,1
O000000139,P000000038,1
O000000139,P000000041,7
O000000140,P000000019,13
O000000140,P000000020,4
O000000140,P000000030,3
O000000141,P000000032,8
O000000142,P000000002,1
O000000142,P000000030,3
O000000142,P000000034,1
O000000143,P000000013,1
O000000143,P000000037,1
O000000143,P000000050,5
O000000144,P000000051,2
O000000145,P000000005,1
O000000145,P000000018,11
O000000145,P000000035,1
O000000146,P000000018,12
O000000147,P000000026,4
O000000148,P000000019,9
O000000148,P000000048,2
O000000149,P000000005,1
O000000149,P000000006,1
O000000149,P000000020,3
O000000150,P000000041,7
O000000151,P000000018,10
O000000152,P000000004,9
O000000152,P000000044,8
O000000153,P000000020,4
O000000153,P000000042,1
O000000154,P000000042,1
O000000154,P000000050,11
O000000154,P000000053,11
O000000155,P000000023,1
O000000155,P000000041,8
O000000155,P000000046,2
O000000156,P000000025,9
O000000156,P000000035,1
O000000157,P000000000,5
O000000157,P000000018,8
O000000157,P000000054,3
O000000158,P000000042,1
O000000158,P000000048,1
O000000159,P000000049,5
O000000159,P000000052,1
O000000160,P000000018,10
O000000161,P000000015,4
O000000161,P000000020,2
O000000161,P000000024,1
O000000162,P000000020,3
O000000162,P000000021,1
O000000162,P000000042,1
O000000163,P000000036,4
O000000164,P000000018,6
O000000164,P000000035,1
O000000164,P000000040,1
O000000165,P000000016,1
O000000166,P000000050,8
O000000166,P000000053,18
O000000167,P000000037,2
O000000168,P000000051,1
O000000169,P000000032,11
O000000169,P000000039,1
O000000170,P000000053,19
O000000171,P000000007,2
O000000171,P000000017,5
O000000171,P000000036,5
O000000172,P000000037,2
O000000173,P000000028,7
O000000174,P000000007,3
O000000175,P000000051,2
O000000176,P000000002,1
O000000176,P000000049,14
O000000177,P000000013,1
O000000178,P000000039,2
O000000179,P000000038,1
O000000179,P000000040,1
O000000180,P000000003,1
O000000180,P000000015,9
O000000180,P000000019,15
O000000181,P000000009,4
O000000181,P000000016,1
O000000181,P000000028,8
O000000182,P000000015,8
O000000182,P000000019,13
O000000182,P000000025,10
O000000183,P000000032,6
O000000184,P000000014,5
O000000184,P000000027,4
O000000184,P000000043,2
O000000185,P000000018,10
O000000186,P000000010,1
O000000186,P000000015,6
O000000187,P000000033,3
O000000188,P000000026,3
O000000188,P000000033,4
O000000188,P000000050,12
O000000189,P000000007,3
O000000189,P000000009,1
O000000189,P000000043,3
O000000190,P000000045,3
O000000191,P000000031,1
O000000191,P000000052,1
O000000192,P000000031,1
O000000192,P000000043,5
O000000192,P000000050,11
O000000193,P000000008,1
O000000193,P000000043,4
O000000194,P000000008,2
O000000195,P000000043,6
O000000195,P000000049,5
O000000196,P000000001,1
O000000197,P000000036,4
O000000198,P000000025,3
O000000198,P000000047,4
O000000198,P000000052,1
O000000199,P000000045,3
O000000200,P000000020,2
O000000201,P000000042,1
O000000202,P000000006,1
O000000202,P000000035,1
O000000202,P000000037,1
O000000203,P000000006,1
O000000203,P000000017,8
O000000203,P000000021,1
O000000204,P000000049,7
O000000205,P000000026,6
O000000205,P000000035,1
O000000205,P000000038,1
O000000206,P000000005,1
O000000206,P000000011,1
O000000207,P000000015,10
O000000207,P000000053,20
O000000208,P000000010,1
O000000209,P000000033,5
O000000210,P000000035,1
O000000210,P000000040,1
O000000211,P000000031,1
O000000212,P000000052,1
O000000213,P000000036,5
O000000213,P000000052,1
O000000214,P000000015,5
O000000214,P000000018,5
O000000214,P000000025,5
O000000215,P000000005,1
O000000215,P000000027,3
O000000215,P000000028,4
O000000216,P000000006,1
O000000216,P000000025,7
O000000217,P000000016,1
O000000217,P000000017,8
O000000218,P000000051,2
O000000219,P000000022,1
O000000219,P000000038,1
O000000220,P000000002,1
O000000220,P000000012,1
O000000221,P000000052,1
O000000222,P000000045,4
O000000223,P000000018,7
O000000223,P000000044,11
O000000224,P000000001,1
O000000225,P000000039,1
