USE eCommerce;

INSERT INTO customers (CustomerID, CustomerName) VALUES 
('C000000000', 'Shigure Ui'),
('C000000001', 'Anya Melfissa'),
('C000000002', 'Koganei Niko'),
('C000000003', 'Rindo Chihaya'),
('C000000004', 'Mike Rolphone'),
('C000000005', 'Mori Calliope'),
('C000000006', 'Izuki Michiru'),
('C000000007', 'Fuwawa Abyssguard'),
('C000000008', 'Mano Aloe'),
('C000000009', 'Oyama Mihari'),
('C000000010', 'Airani Iofifteen'),
('C000000011', 'Yukihana Lamy'),
('C000000012', 'Momosuzu Nene'),
('C000000013', 'Kagamihara Nadeshiko'),
('C000000014', 'Chessed Gamon'),
('C000000015', 'Tsukumo Sana'),
('C000000016', 'Mumbo Jumbo'),
('C000000017', 'Ichijou Ririka'),
('C000000018', 'Harusaki Nodoka'),
('C000000019', 'Nekomata Okayu'),
('C000000020', 'Houshou Marine'),
('C000000021', 'Kikirara Vivi'),
('C000000022', 'Raora Panthera'),
('C000000023', 'Hoshimachi Suisei'),
('C000000024', 'Moe Lester'),
('C000000025', 'Mococo Abyssguard'),
('C000000026', 'Pavolia Reine'),
('C000000027', 'Sakura Bakushin O'),
('C000000028', 'Ninomae Ina’nis'),
('C000000029', 'Todoroki Hajime'),
('C000000030', 'Roboco-san'),
('C000000031', 'Otonose Kanade'),
('C000000032', 'Omaru Polka'),
('C000000033', 'Julius Caesar'),
('C000000034', 'Minato Aqua'),
('C000000035', 'Shiori Novella'),
('C000000036', 'Ceres Fauna'),
('C000000037', 'Cudve Benanemil'),
('C000000038', 'Tsunomaki Watame'),
('C000000039', 'Nerissa Ravencroft'),
('C000000040', 'Uruha Rushia'),
('C000000041', 'Cecilia Immergreen'),
('C000000042', 'Kasane Teto'),
('C000000043', 'Yuzuki Choco'),
('C000000044', 'Gigi Murin'),
('C000000045', 'Murasaki Shion'),
('C000000046', 'Aki Rosenthal'),
('C000000047', 'Nanashi Mumei'),
('C000000048', 'Hakui Koyori'),
('C000000049', 'Takanashi Kiara'),
('C000000050', 'Fiammetta'),
('C000000051', 'Kobo Kanaeru'),
('C000000052', 'Don Quixote'),
('C000000053', 'Amaori Renako'),
('C000000054', 'Ayunda Risu'),
('C000000055', 'Shima Rin'),
('C000000056', 'Yozora Mel'),
('C000000057', 'Elizabeth Rose Bloodflame'),
('C000000058', 'Kyle Hill'),
('C000000059', 'Hiodoshi Ao'),
('C000000060', 'Kazama Iroha'),
('C000000061', 'Watson Amelia'),
('C000000062', 'Tokoyami Towa'),
('C000000063', 'Riri Zpt'),
('C000000064', 'Ouro Kronii'),
('C000000065', 'Kaela Kovalskia'),
('C000000066', 'Hatsune Miku'),
('C000000067', 'Shirogane Noel'),
('C000000068', 'Steven He'),
('C000000069', 'Sakura Miko'),
('C000000070', 'Nakiri Ayame'),
('C000000071', 'Jan Misali'),
('C000000072', 'Isaki Riona'),
('C000000073', 'Himemori Luna'),
('C000000074', 'Takane Lui'),
('C000000075', 'La+ Darknesss'),
('C000000076', 'Juufuutei Raden'),
('C000000077', 'Kiryu Coco'),
('C000000078', 'Koseki Bijou'),
('C000000079', 'Akai Haato'),
('C000000080', 'Vestia Zeta'),
('C000000081', 'Gawr Gura'),
('C000000082', 'Oyama Mahiro'),
('C000000083', 'Irodori Mashiro'),
('C000000084', 'Hanazono Sayaka'),
('C000000085', 'IRyS'),
('C000000086', 'John Franklin Kennedy'),
('C000000087', 'Sakamata Chloe'),
('C000000088', 'Mizumiya Su'),
('C000000089', 'Hitori Gotou'),
('C000000090', 'Shirakami Fubuki'),
('C000000091', 'Arcana Eden'),
('C000000092', 'Moona Hoshinova'),
('C000000093', 'Agnes Tachyon'),
('C000000094', 'Leonhard Euler'),
('C000000095', 'Natsuiro Matsuri'),
('C000000096', 'Inugami Korone'),
('C000000097', 'Usada Pekora'),
('C000000098', 'Oozora Subaru'),
('C000000099', 'Shiranui Flare'),
('C000000100', 'Willie Stroker'),
('C000000101', 'Ookami Mio'),
('C000000102', 'Kupof Joe'),
('C000000103', 'Tokino Sora'),
('C000000104', 'Hakos Baelz'),
('C000000105', 'Kureiji Ollie'),
('C000000106', 'Shishiro Botan'),
('C000000107', 'Awayuki Kokorone'),
('C000000108', 'Adolf Hitlest'),
('C000000109', 'Amane Kanata'),
('C000000110', 'AZKi');

INSERT INTO products (ProductID, ProductName, Price) VALUES 
('P000000000', 'Sachertorte', 25),
('P000000001', 'Boeing 777-200ER', 306600000),
('P000000002', 'Château Cheval Blanc 1961', 14800),
('P000000003', 'Château Margaux 1990', 2450),
('P000000004', 'Coca-Cola Zero 12 × 355 ml', 7.99),
('P000000005', 'Sony WH-1000XM5 Headphones', 349),
('P000000006', 'Apple iPhone 16 Pro Max 256GB', 1299),
('P000000007', 'Logitech MX Master 3S Mouse', 99),
('P000000008', 'Dior Sauvage Eau de Toilette 100 ml', 145),
('P000000009', 'Moët & Chandon Brut Impérial', 64),
('P000000010', 'Dell XPS 15 (i9, 32 GB RAM)', 2499),
('P000000011', 'Adidas Ultraboost Light', 190),
('P000000012', 'Tesla Wall Connector (Gen 3)', 475),
('P000000013', 'KitchenAid Classic Stand Mixer', 329),
('P000000014', 'Häagen-Dazs Vanilla Ice Cream 473 ml', 6.49),
('P000000015', 'Sapporo Premium Beer 6-Pack', 11.5),
('P000000016', 'Canon EOS R6 Mark II', 2499),
('P000000017', 'Duracell AA Batteries 24-Pack', 18.49),
('P000000018', 'Red Bull Energy Drink 4-Pack', 8.99),
('P000000019', 'Scotch-Brite Heavy Duty Sponges 6-Pack', 5.99),
('P000000020', 'HP Ink Cartridge 962 XL Black', 54),
('P000000021', 'Nintendo Switch OLED', 349),
('P000000022', 'LEGO Technic Lamborghini Sián', 449),
('P000000023', 'Verbatim 1TB External SSD', 129),
('P000000024', 'Bose Smart Soundbar 900', 899),
('P000000025', 'Evian Natural Mineral Water 12 × 1L', 13.2),
('P000000026', 'Pampers Premium Care Size 3 (60 pcs)', 29.99),
('P000000027', 'Lavazza Crema e Gusto Ground Coffee 1 kg', 18.5),
('P000000028', 'Ferrero Rocher Collection 24 pcs', 12.9),
('P000000029', 'Oatly Oat Milk 1L', 4.99),
('P000000030', 'Jack Daniel’s Tennessee Honey 750 ml', 27),
('P000000031', 'Wagyu A5 Striploin 300 g', 135),
('P000000032', 'Nutella Hazelnut Spread 750 g', 8.49),
('P000000033', 'Heineken 24 × 330 ml', 32),
('P000000034', 'Samsung Galaxy Tab S9 Ultra', 1199),
('P000000035', 'La Mer Crème de la Mer 60 ml', 380),
('P000000036', 'Tefal Non-Stick Frying Pan 28 cm', 29),
('P000000037', 'JBL Charge 5 Bluetooth Speaker', 139),
('P000000038', 'Moncler Down Jacket (Men’s)', 1480),
('P000000039', 'Patagonia Black Hole Duffel 55L', 159),
('P000000040', 'Oral-B iO Series 9 Electric Toothbrush', 299),
('P000000041', 'Purina One Cat Food 2.8 kg', 17.5),
('P000000042', 'Dyson Pure Hot+Cool Air Purifier', 649),
('P000000043', 'Monster Energy Original 24-Pack', 34),
('P000000044', 'Ben & Jerry’s Half Baked 473 ml', 6.99),
('P000000045', 'Grey Goose Vodka 1L', 57),
('P000000046', 'Samsung 980 Pro NVMe SSD 2TB', 159),
('P000000047', 'Logitech C920 HD Pro Webcam', 69),
('P000000048', 'Ray-Ban Aviator Classic Sunglasses', 168),
('P000000049', 'Coca-Cola Glass Bottles 6 × 250 ml', 5.99),
('P000000050', 'Nivea Soft Moisturizing Cream 300 ml', 7.49),
('P000000051', 'Amazon Echo Show 8 (3rd Gen)', 149),
('P000000052', 'Dom Pérignon Rosé Vintage 2008', 480),
('P000000053', 'Suntory Strong Zero Double Lemon 9% 350ml', 2),
('P000000054', 'Fresh Atlantic Salmon Fillet 1 kg', 24.9);

INSERT INTO orders (OrderID, CustomerID, OrderDate, OrderStatus) VALUES 
('O000000000', 'C000000072', '2023-09-25', 'Shipped'),
('O000000001', 'C000000054', '2024-07-30', 'Delivered'),
('O000000002', 'C000000064', '2023-05-18', 'Delivered'),
('O000000003', 'C000000078', '2024-11-01', 'Delivered'),
('O000000004', 'C000000024', '2025-06-01', 'Delivered'),
('O000000005', 'C000000088', '2019-09-14', 'Delivered'),
('O000000006', 'C000000039', '2019-12-13', 'Shipped'),
('O000000007', 'C000000093', '2019-06-17', 'Shipped'),
('O000000008', 'C000000007', '2021-08-17', 'Delivered'),
('O000000009', 'C000000021', '2022-01-16', 'Shipped'),
('O000000010', 'C000000023', '2022-03-06', 'Delivered'),
('O000000011', 'C000000015', '2023-01-09', 'Pending'),
('O000000012', 'C000000050', '2025-03-11', 'Shipped'),
('O000000013', 'C000000078', '2020-06-09', 'Shipped'),
('O000000014', 'C000000034', '2020-05-25', 'Shipped'),
('O000000015', 'C000000001', '2022-10-02', 'Pending'),
('O000000016', 'C000000005', '2019-12-14', 'Delivered'),
('O000000017', 'C000000068', '2023-01-13', 'Shipped'),
('O000000018', 'C000000107', '2020-04-17', 'Delivered'),
('O000000019', 'C000000071', '2025-02-15', 'Shipped'),
('O000000020', 'C000000053', '2024-06-18', 'Shipped'),
('O000000021', 'C000000028', '2022-02-07', 'Shipped'),
('O000000022', 'C000000062', '2024-03-07', 'Shipped'),
('O000000023', 'C000000027', '2020-07-31', 'Delivered'),
('O000000024', 'C000000018', '2020-07-19', 'Pending'),
('O000000025', 'C000000109', '2022-09-02', 'Shipped'),
('O000000026', 'C000000075', '2025-01-23', 'Delivered'),
('O000000027', 'C000000028', '2023-05-07', 'Shipped'),
('O000000028', 'C000000025', '2022-11-12', 'Pending'),
('O000000029', 'C000000066', '2021-09-26', 'Pending'),
('O000000030', 'C000000074', '2021-09-01', 'Shipped'),
('O000000031', 'C000000086', '2021-11-07', 'Shipped'),
('O000000032', 'C000000090', '2025-04-12', 'Delivered'),
('O000000033', 'C000000078', '2019-02-16', 'Delivered'),
('O000000034', 'C000000048', '2022-05-24', 'Cancelled'),
('O000000035', 'C000000025', '2025-12-19', 'Pending'),
('O000000036', 'C000000043', '2025-09-23', 'Shipped'),
('O000000037', 'C000000035', '2025-05-27', 'Delivered'),
('O000000038', 'C000000011', '2019-09-15', 'Delivered'),
('O000000039', 'C000000110', '2019-08-30', 'Shipped'),
('O000000040', 'C000000007', '2019-10-08', 'Shipped'),
('O000000041', 'C000000047', '2023-01-16', 'Shipped'),
('O000000042', 'C000000020', '2019-10-11', 'Delivered'),
('O000000043', 'C000000078', '2024-05-15', 'Delivered'),
('O000000044', 'C000000070', '2023-09-01', 'Delivered'),
('O000000045', 'C000000049', '2019-06-03', 'Delivered'),
('O000000046', 'C000000098', '2021-12-25', 'Delivered'),
('O000000047', 'C000000020', '2020-11-19', 'Delivered'),
('O000000048', 'C000000103', '2023-04-04', 'Delivered'),
('O000000049', 'C000000075', '2021-12-21', 'Delivered'),
('O000000050', 'C000000006', '2019-09-30', 'Cancelled'),
('O000000051', 'C000000071', '2025-04-21', 'Shipped'),
('O000000052', 'C000000056', '2020-03-14', 'Pending'),
('O000000053', 'C000000002', '2025-05-02', 'Delivered'),
('O000000054', 'C000000058', '2023-01-02', 'Shipped'),
('O000000055', 'C000000058', '2024-06-19', 'Delivered'),
('O000000056', 'C000000074', '2024-04-16', 'Delivered'),
('O000000057', 'C000000009', '2022-10-31', 'Pending'),
('O000000058', 'C000000081', '2020-12-30', 'Delivered'),
('O000000059', 'C000000007', '2023-04-17', 'Shipped'),
('O000000060', 'C000000090', '2025-08-14', 'Delivered'),
('O000000061', 'C000000060', '2024-12-20', 'Pending'),
('O000000062', 'C000000067', '2024-05-02', 'Shipped'),
('O000000063', 'C000000083', '2019-12-17', 'Delivered'),
('O000000064', 'C000000099', '2021-04-13', 'Pending'),
('O000000065', 'C000000049', '2021-07-08', 'Shipped'),
('O000000066', 'C000000088', '2021-09-12', 'Shipped'),
('O000000067', 'C000000009', '2020-02-19', 'Shipped'),
('O000000068', 'C000000061', '2022-10-28', 'Shipped'),
('O000000069', 'C000000005', '2021-12-22', 'Delivered'),
('O000000070', 'C000000093', '2019-03-21', 'Delivered'),
('O000000071', 'C000000064', '2022-12-30', 'Shipped'),
('O000000072', 'C000000050', '2020-08-20', 'Shipped'),
('O000000073', 'C000000011', '2020-10-11', 'Delivered'),
('O000000074', 'C000000029', '2020-07-11', 'Delivered'),
('O000000075', 'C000000057', '2023-05-23', 'Delivered'),
('O000000076', 'C000000001', '2025-04-04', 'Pending'),
('O000000077', 'C000000102', '2020-03-17', 'Shipped'),
('O000000078', 'C000000037', '2022-02-04', 'Delivered'),
('O000000079', 'C000000033', '2024-09-17', 'Delivered'),
('O000000080', 'C000000027', '2025-04-29', 'Pending'),
('O000000081', 'C000000039', '2025-02-22', 'Delivered'),
('O000000082', 'C000000045', '2024-05-28', 'Delivered'),
('O000000083', 'C000000086', '2025-02-02', 'Shipped'),
('O000000084', 'C000000003', '2022-12-18', 'Delivered'),
('O000000085', 'C000000105', '2021-06-21', 'Shipped'),
('O000000086', 'C000000062', '2024-11-20', 'Delivered'),
('O000000087', 'C000000109', '2020-12-19', 'Shipped'),
('O000000088', 'C000000026', '2019-08-31', 'Shipped'),
('O000000089', 'C000000019', '2025-07-16', 'Pending'),
('O000000090', 'C000000029', '2024-12-15', 'Shipped'),
('O000000091', 'C000000052', '2022-10-20', 'Shipped'),
('O000000092', 'C000000076', '2019-03-10', 'Pending'),
('O000000093', 'C000000089', '2021-11-09', 'Delivered'),
('O000000094', 'C000000049', '2020-02-25', 'Delivered'),
('O000000095', 'C000000102', '2024-08-31', 'Delivered'),
('O000000096', 'C000000097', '2025-10-13', 'Shipped'),
('O000000097', 'C000000010', '2023-02-21', 'Pending'),
('O000000098', 'C000000027', '2021-05-14', 'Delivered'),
('O000000099', 'C000000020', '2025-10-21', 'Delivered'),
('O000000100', 'C000000099', '2021-07-22', 'Delivered'),
('O000000101', 'C000000074', '2024-02-07', 'Delivered'),
('O000000102', 'C000000096', '2023-04-14', 'Shipped'),
('O000000103', 'C000000100', '2024-12-22', 'Delivered'),
('O000000104', 'C000000015', '2020-06-22', 'Delivered'),
('O000000105', 'C000000030', '2023-10-26', 'Delivered'),
('O000000106', 'C000000035', '2021-08-05', 'Delivered'),
('O000000107', 'C000000022', '2019-05-14', 'Shipped'),
('O000000108', 'C000000065', '2020-12-17', 'Shipped'),
('O000000109', 'C000000021', '2025-05-17', 'Delivered'),
('O000000110', 'C000000006', '2024-05-26', 'Delivered'),
('O000000111', 'C000000063', '2020-01-01', 'Shipped'),
('O000000112', 'C000000065', '2024-01-03', 'Delivered'),
('O000000113', 'C000000039', '2025-02-15', 'Pending'),
('O000000114', 'C000000004', '2024-02-18', 'Shipped'),
('O000000115', 'C000000079', '2025-09-01', 'Shipped'),
('O000000116', 'C000000016', '2020-07-28', 'Shipped'),
('O000000117', 'C000000091', '2019-06-06', 'Delivered'),
('O000000118', 'C000000042', '2024-04-06', 'Pending'),
('O000000119', 'C000000050', '2024-09-14', 'Shipped'),
('O000000120', 'C000000087', '2021-06-17', 'Shipped'),
('O000000121', 'C000000104', '2022-05-04', 'Shipped'),
('O000000122', 'C000000011', '2022-07-14', 'Delivered'),
('O000000123', 'C000000058', '2021-09-17', 'Delivered'),
('O000000124', 'C000000083', '2025-09-26', 'Shipped'),
('O000000125', 'C000000013', '2021-05-24', 'Shipped'),
('O000000126', 'C000000013', '2024-12-14', 'Delivered'),
('O000000127', 'C000000099', '2023-05-28', 'Delivered'),
('O000000128', 'C000000042', '2019-04-09', 'Shipped'),
('O000000129', 'C000000034', '2023-07-29', 'Delivered'),
('O000000130', 'C000000081', '2019-11-11', 'Delivered'),
('O000000131', 'C000000101', '2023-09-02', 'Shipped'),
('O000000132', 'C000000012', '2022-11-19', 'Delivered'),
('O000000133', 'C000000069', '2021-12-22', 'Shipped'),
('O000000134', 'C000000031', '2025-10-21', 'Pending'),
('O000000135', 'C000000014', '2019-07-14', 'Shipped'),
('O000000136', 'C000000030', '2020-01-11', 'Delivered'),
('O000000137', 'C000000010', '2020-06-11', 'Delivered'),
('O000000138', 'C000000015', '2023-08-25', 'Delivered'),
('O000000139', 'C000000067', '2023-04-06', 'Shipped'),
('O000000140', 'C000000044', '2024-10-09', 'Cancelled'),
('O000000141', 'C000000065', '2023-01-20', 'Shipped'),
('O000000142', 'C000000099', '2020-09-02', 'Delivered'),
('O000000143', 'C000000008', '2025-07-04', 'Shipped'),
('O000000144', 'C000000051', '2025-01-10', 'Delivered'),
('O000000145', 'C000000088', '2020-07-22', 'Delivered'),
('O000000146', 'C000000041', '2025-09-24', 'Shipped'),
('O000000147', 'C000000010', '2020-03-17', 'Delivered'),
('O000000148', 'C000000093', '2019-11-30', 'Delivered'),
('O000000149', 'C000000009', '2022-03-25', 'Shipped'),
('O000000150', 'C000000022', '2021-02-25', 'Shipped'),
('O000000151', 'C000000001', '2024-08-21', 'Shipped'),
('O000000152', 'C000000001', '2020-02-26', 'Delivered'),
('O000000153', 'C000000031', '2022-01-21', 'Shipped'),
('O000000154', 'C000000106', '2024-03-05', 'Shipped'),
('O000000155', 'C000000102', '2024-12-27', 'Shipped'),
('O000000156', 'C000000009', '2025-10-29', 'Shipped'),
('O000000157', 'C000000064', '2022-08-09', 'Pending'),
('O000000158', 'C000000022', '2024-03-15', 'Shipped'),
('O000000159', 'C000000075', '2022-10-21', 'Shipped'),
('O000000160', 'C000000001', '2020-10-22', 'Pending'),
('O000000161', 'C000000044', '2019-08-06', 'Shipped'),
('O000000162', 'C000000073', '2022-05-02', 'Shipped'),
('O000000163', 'C000000023', '2021-02-03', 'Shipped'),
('O000000164', 'C000000021', '2019-01-17', 'Shipped'),
('O000000165', 'C000000054', '2022-04-14', 'Shipped'),
('O000000166', 'C000000046', '2023-08-15', 'Shipped'),
('O000000167', 'C000000104', '2020-02-10', 'Delivered'),
('O000000168', 'C000000080', '2023-09-29', 'Shipped'),
('O000000169', 'C000000072', '2024-02-27', 'Delivered'),
('O000000170', 'C000000000', '2022-05-31', 'Pending'),
('O000000171', 'C000000055', '2020-05-17', 'Pending'),
('O000000172', 'C000000032', '2024-10-16', 'Shipped'),
('O000000173', 'C000000084', '2022-06-21', 'Delivered'),
('O000000174', 'C000000008', '2019-01-01', 'Delivered'),
('O000000175', 'C000000039', '2022-06-29', 'Delivered'),
('O000000176', 'C000000009', '2024-11-04', 'Delivered'),
('O000000177', 'C000000037', '2020-03-03', 'Shipped'),
('O000000178', 'C000000031', '2024-06-18', 'Shipped'),
('O000000179', 'C000000092', '2025-03-02', 'Shipped'),
('O000000180', 'C000000105', '2023-02-02', 'Shipped'),
('O000000181', 'C000000025', '2025-07-30', 'Shipped'),
('O000000182', 'C000000063', '2025-10-05', 'Delivered'),
('O000000183', 'C000000022', '2021-05-18', 'Delivered'),
('O000000184', 'C000000056', '2023-01-26', 'Cancelled'),
('O000000185', 'C000000017', '2024-06-16', 'Shipped'),
('O000000186', 'C000000077', '2023-01-23', 'Shipped'),
('O000000187', 'C000000108', '2019-09-21', 'Shipped'),
('O000000188', 'C000000110', '2021-12-15', 'Pending'),
('O000000189', 'C000000036', '2024-08-02', 'Delivered'),
('O000000190', 'C000000004', '2022-08-02', 'Shipped'),
('O000000191', 'C000000102', '2025-04-08', 'Shipped'),
('O000000192', 'C000000087', '2022-01-01', 'Delivered'),
('O000000193', 'C000000040', '2021-09-27', 'Delivered'),
('O000000194', 'C000000095', '2025-02-09', 'Shipped'),
('O000000195', 'C000000029', '2020-06-06', 'Delivered'),
('O000000196', 'C000000038', '2025-11-02', 'Shipped'),
('O000000197', 'C000000059', '2023-08-28', 'Delivered'),
('O000000198', 'C000000056', '2025-07-02', 'Cancelled'),
('O000000199', 'C000000090', '2021-11-03', 'Delivered'),
('O000000200', 'C000000053', '2022-05-27', 'Delivered'),
('O000000201', 'C000000072', '2022-04-03', 'Shipped'),
('O000000202', 'C000000108', '2025-11-28', 'Shipped'),
('O000000203', 'C000000048', '2023-02-06', 'Shipped'),
('O000000204', 'C000000109', '2022-12-23', 'Shipped'),
('O000000205', 'C000000011', '2022-04-14', 'Delivered'),
('O000000206', 'C000000083', '2021-12-08', 'Shipped'),
('O000000207', 'C000000080', '2019-10-05', 'Delivered'),
('O000000208', 'C000000033', '2019-07-21', 'Delivered'),
('O000000209', 'C000000082', '2023-11-28', 'Delivered'),
('O000000210', 'C000000045', '2022-09-15', 'Shipped'),
('O000000211', 'C000000024', '2019-09-11', 'Shipped'),
('O000000212', 'C000000070', '2019-05-22', 'Shipped'),
('O000000213', 'C000000017', '2022-12-09', 'Delivered'),
('O000000214', 'C000000089', '2023-11-05', 'Shipped'),
('O000000215', 'C000000004', '2024-12-08', 'Delivered'),
('O000000216', 'C000000067', '2024-07-17', 'Shipped'),
('O000000217', 'C000000061', '2020-03-11', 'Delivered'),
('O000000218', 'C000000094', '2025-05-14', 'Delivered'),
('O000000219', 'C000000027', '2025-07-28', 'Shipped'),
('O000000220', 'C000000021', '2019-12-23', 'Delivered'),
('O000000221', 'C000000069', '2025-07-06', 'Shipped'),
('O000000222', 'C000000003', '2019-03-20', 'Delivered'),
('O000000223', 'C000000062', '2022-12-25', 'Shipped'),
('O000000224', 'C000000030', '2021-08-23', 'Delivered'),
('O000000225', 'C000000085', '2019-05-10', 'Shipped');

INSERT INTO quantities (OrderID, ProductID, Quantity) VALUES 
('O000000000', 'P000000024', 1),
('O000000000', 'P000000048', 2),
('O000000000', 'P000000046', 2),
('O000000001', 'P000000000', 4),
('O000000001', 'P000000023', 1),
('O000000001', 'P000000047', 3),
('O000000002', 'P000000000', 2),
('O000000003', 'P000000010', 1),
('O000000004', 'P000000041', 7),
('O000000004', 'P000000030', 2),
('O000000004', 'P000000018', 4),
('O000000005', 'P000000007', 1),
('O000000005', 'P000000050', 8),
('O000000006', 'P000000047', 3),
('O000000006', 'P000000034', 1),
('O000000006', 'P000000030', 4),
('O000000007', 'P000000026', 6),
('O000000007', 'P000000042', 1),
('O000000008', 'P000000034', 1),
('O000000008', 'P000000047', 3),
('O000000008', 'P000000007', 1),
('O000000009', 'P000000004', 7),
('O000000009', 'P000000005', 1),
('O000000009', 'P000000022', 1),
('O000000010', 'P000000034', 1),
('O000000010', 'P000000019', 15),
('O000000011', 'P000000006', 1),
('O000000011', 'P000000041', 6),
('O000000011', 'P000000003', 1),
('O000000012', 'P000000014', 8),
('O000000012', 'P000000032', 9),
('O000000013', 'P000000035', 1),
('O000000014', 'P000000048', 1),
('O000000014', 'P000000053', 23),
('O000000015', 'P000000029', 6),
('O000000015', 'P000000015', 6),
('O000000016', 'P000000022', 1),
('O000000016', 'P000000050', 5),
('O000000017', 'P000000017', 3),
('O000000017', 'P000000007', 1),
('O000000017', 'P000000013', 1),
('O000000018', 'P000000025', 10),
('O000000018', 'P000000013', 1),
('O000000019', 'P000000013', 1),
('O000000020', 'P000000053', 10),
('O000000021', 'P000000035', 1),
('O000000021', 'P000000016', 1),
('O000000022', 'P000000024', 1),
('O000000022', 'P000000002', 1),
('O000000022', 'P000000033', 3),
('O000000023', 'P000000015', 7),
('O000000023', 'P000000039', 2),
('O000000024', 'P000000000', 3),
('O000000024', 'P000000009', 2),
('O000000024', 'P000000011', 1),
('O000000025', 'P000000022', 1),
('O000000025', 'P000000015', 4),
('O000000026', 'P000000023', 2),
('O000000026', 'P000000004', 12),
('O000000026', 'P000000051', 2),
('O000000027', 'P000000028', 6),
('O000000027', 'P000000004', 6),
('O000000028', 'P000000015', 4),
('O000000028', 'P000000034', 1),
('O000000028', 'P000000048', 1),
('O000000029', 'P000000016', 1),
('O000000030', 'P000000018', 12),
('O000000030', 'P000000032', 8),
('O000000031', 'P000000026', 2),
('O000000031', 'P000000053', 24),
('O000000032', 'P000000040', 1),
('O000000032', 'P000000044', 13),
('O000000032', 'P000000052', 1),
('O000000033', 'P000000051', 1),
('O000000033', 'P000000004', 8),
('O000000033', 'P000000036', 4),
('O000000034', 'P000000037', 2),
('O000000035', 'P000000028', 9),
('O000000036', 'P000000043', 4),
('O000000036', 'P000000036', 3),
('O000000037', 'P000000039', 1),
('O000000038', 'P000000032', 7),
('O000000038', 'P000000029', 14),
('O000000038', 'P000000002', 1),
('O000000039', 'P000000041', 4),
('O000000039', 'P000000029', 15),
('O000000040', 'P000000009', 4),
('O000000040', 'P000000038', 1),
('O000000040', 'P000000043', 5),
('O000000041', 'P000000052', 1),
('O000000042', 'P000000048', 1),
('O000000042', 'P000000042', 1),
('O000000043', 'P000000029', 9),
('O000000044', 'P000000032', 5),
('O000000044', 'P000000027', 5),
('O000000045', 'P000000013', 1),
('O000000046', 'P000000014', 5),
('O000000047', 'P000000038', 1),
('O000000047', 'P000000011', 1),
('O000000048', 'P000000050', 11),
('O000000049', 'P000000018', 7),
('O000000050', 'P000000053', 16),
('O000000050', 'P000000040', 1),
('O000000051', 'P000000019', 14),
('O000000051', 'P000000052', 1),
('O000000051', 'P000000020', 3),
('O000000052', 'P000000028', 5),
('O000000052', 'P000000007', 3),
('O000000053', 'P000000015', 7),
('O000000054', 'P000000049', 5),
('O000000054', 'P000000037', 2),
('O000000054', 'P000000000', 5),
('O000000055', 'P000000004', 8),
('O000000055', 'P000000006', 1),
('O000000055', 'P000000042', 1),
('O000000056', 'P000000008', 1),
('O000000056', 'P000000031', 1),
('O000000057', 'P000000026', 3),
('O000000057', 'P000000008', 1),
('O000000057', 'P000000047', 3),
('O000000058', 'P000000031', 2),
('O000000058', 'P000000007', 2),
('O000000058', 'P000000050', 11),
('O000000059', 'P000000047', 2),
('O000000060', 'P000000051', 1),
('O000000060', 'P000000005', 1),
('O000000060', 'P000000042', 1),
('O000000061', 'P000000044', 9),
('O000000062', 'P000000019', 14),
('O000000062', 'P000000016', 1),
('O000000062', 'P000000051', 1),
('O000000063', 'P000000005', 1),
('O000000063', 'P000000049', 7),
('O000000063', 'P000000048', 1),
('O000000064', 'P000000044', 9),
('O000000064', 'P000000024', 1),
('O000000065', 'P000000037', 2),
('O000000065', 'P000000023', 2),
('O000000065', 'P000000030', 2),
('O000000066', 'P000000024', 1),
('O000000066', 'P000000052', 1),
('O000000066', 'P000000036', 6),
('O000000067', 'P000000015', 7),
('O000000068', 'P000000014', 5),
('O000000068', 'P000000015', 8),
('O000000068', 'P000000038', 1),
('O000000069', 'P000000017', 7),
('O000000069', 'P000000021', 1),
('O000000069', 'P000000033', 2),
('O000000070', 'P000000005', 1),
('O000000070', 'P000000040', 1),
('O000000070', 'P000000046', 2),
('O000000071', 'P000000001', 1),
('O000000072', 'P000000013', 1),
('O000000072', 'P000000017', 7),
('O000000072', 'P000000015', 3),
('O000000073', 'P000000013', 1),
('O000000074', 'P000000024', 1),
('O000000074', 'P000000007', 2),
('O000000074', 'P000000005', 1),
('O000000075', 'P000000018', 9),
('O000000076', 'P000000053', 20),
('O000000076', 'P000000043', 3),
('O000000076', 'P000000014', 11),
('O000000077', 'P000000027', 7),
('O000000078', 'P000000042', 1),
('O000000078', 'P000000032', 11),
('O000000078', 'P000000004', 8),
('O000000079', 'P000000014', 7),
('O000000079', 'P000000005', 1),
('O000000080', 'P000000005', 1),
('O000000080', 'P000000022', 1),
('O000000081', 'P000000037', 1),
('O000000081', 'P000000011', 2),
('O000000081', 'P000000007', 1),
('O000000082', 'P000000019', 11),
('O000000083', 'P000000019', 9),
('O000000083', 'P000000003', 1),
('O000000083', 'P000000041', 8),
('O000000084', 'P000000015', 8),
('O000000085', 'P000000017', 8),
('O000000085', 'P000000036', 4),
('O000000086', 'P000000002', 1),
('O000000086', 'P000000034', 1),
('O000000087', 'P000000039', 1),
('O000000088', 'P000000008', 2),
('O000000089', 'P000000050', 8),
('O000000089', 'P000000005', 1),
('O000000090', 'P000000036', 6),
('O000000090', 'P000000030', 2),
('O000000090', 'P000000049', 14),
('O000000091', 'P000000026', 4),
('O000000091', 'P000000009', 4),
('O000000091', 'P000000035', 1),
('O000000092', 'P000000018', 5),
('O000000092', 'P000000037', 2),
('O000000092', 'P000000027', 4),
('O000000093', 'P000000030', 6),
('O000000093', 'P000000033', 2),
('O000000093', 'P000000021', 1),
('O000000094', 'P000000010', 1),
('O000000094', 'P000000022', 1),
('O000000095', 'P000000010', 1),
('O000000095', 'P000000052', 1),
('O000000095', 'P000000005', 1),
('O000000096', 'P000000014', 7),
('O000000096', 'P000000005', 1),
('O000000097', 'P000000014', 8),
('O000000097', 'P000000022', 1),
('O000000097', 'P000000019', 8),
('O000000098', 'P000000004', 5),
('O000000098', 'P000000023', 2),
('O000000099', 'P000000040', 2),
('O000000100', 'P000000052', 1),
('O000000100', 'P000000000', 3),
('O000000100', 'P000000036', 5),
('O000000101', 'P000000033', 2),
('O000000102', 'P000000032', 11),
('O000000103', 'P000000006', 1),
('O000000104', 'P000000024', 1),
('O000000104', 'P000000045', 2),
('O000000104', 'P000000034', 1),
('O000000105', 'P000000003', 1),
('O000000105', 'P000000045', 1),
('O000000106', 'P000000043', 5),
('O000000106', 'P000000037', 2),
('O000000106', 'P000000048', 2),
('O000000107', 'P000000030', 5),
('O000000107', 'P000000023', 3),
('O000000108', 'P000000034', 1),
('O000000109', 'P000000032', 11),
('O000000109', 'P000000045', 3),
('O000000109', 'P000000010', 1),
('O000000110', 'P000000027', 4),
('O000000110', 'P000000036', 3),
('O000000110', 'P000000050', 6),
('O000000111', 'P000000051', 1),
('O000000112', 'P000000016', 1),
('O000000112', 'P000000039', 2),
('O000000112', 'P000000025', 5),
('O000000113', 'P000000047', 4),
('O000000114', 'P000000043', 4),
('O000000114', 'P000000002', 1),
('O000000115', 'P000000035', 1),
('O000000116', 'P000000016', 1),
('O000000116', 'P000000053', 19),
('O000000116', 'P000000029', 15),
('O000000117', 'P000000045', 3),
('O000000117', 'P000000031', 1),
('O000000118', 'P000000017', 2),
('O000000118', 'P000000033', 2),
('O000000118', 'P000000041', 4),
('O000000119', 'P000000048', 2),
('O000000119', 'P000000007', 2),
('O000000119', 'P000000046', 1),
('O000000120', 'P000000006', 1),
('O000000120', 'P000000003', 1),
('O000000120', 'P000000002', 1),
('O000000121', 'P000000037', 2),
('O000000121', 'P000000052', 1),
('O000000121', 'P000000002', 1),
('O000000122', 'P000000053', 25),
('O000000122', 'P000000049', 5),
('O000000122', 'P000000035', 1),
('O000000123', 'P000000033', 2),
('O000000124', 'P000000032', 8),
('O000000124', 'P000000005', 1),
('O000000125', 'P000000034', 1),
('O000000125', 'P000000010', 1),
('O000000126', 'P000000034', 1),
('O000000126', 'P000000041', 8),
('O000000127', 'P000000032', 8),
('O000000127', 'P000000043', 6),
('O000000127', 'P000000040', 1),
('O000000128', 'P000000019', 15),
('O000000128', 'P000000002', 1),
('O000000129', 'P000000041', 7),
('O000000129', 'P000000006', 1),
('O000000130', 'P000000045', 4),
('O000000130', 'P000000010', 1),
('O000000130', 'P000000001', 1),
('O000000131', 'P000000010', 1),
('O000000132', 'P000000035', 1),
('O000000132', 'P000000043', 3),
('O000000133', 'P000000007', 3),
('O000000133', 'P000000027', 3),
('O000000134', 'P000000007', 3),
('O000000134', 'P000000041', 7),
('O000000134', 'P000000025', 9),
('O000000135', 'P000000020', 3),
('O000000135', 'P000000037', 2),
('O000000135', 'P000000038', 1),
('O000000136', 'P000000034', 1),
('O000000136', 'P000000008', 1),
('O000000136', 'P000000035', 1),
('O000000137', 'P000000029', 11),
('O000000138', 'P000000018', 6),
('O000000139', 'P000000016', 1),
('O000000139', 'P000000041', 7),
('O000000139', 'P000000038', 1),
('O000000140', 'P000000020', 4),
('O000000140', 'P000000019', 13),
('O000000140', 'P000000030', 3),
('O000000141', 'P000000032', 8),
('O000000142', 'P000000034', 1),
('O000000142', 'P000000002', 1),
('O000000142', 'P000000030', 3),
('O000000143', 'P000000037', 1),
('O000000143', 'P000000050', 5),
('O000000143', 'P000000013', 1),
('O000000144', 'P000000051', 2),
('O000000145', 'P000000035', 1),
('O000000145', 'P000000018', 11),
('O000000145', 'P000000005', 1),
('O000000146', 'P000000018', 12),
('O000000147', 'P000000026', 4),
('O000000148', 'P000000048', 2),
('O000000148', 'P000000019', 9),
('O000000149', 'P000000006', 1),
('O000000149', 'P000000005', 1),
('O000000149', 'P000000020', 3),
('O000000150', 'P000000041', 7),
('O000000151', 'P000000018', 10),
('O000000152', 'P000000044', 8),
('O000000152', 'P000000004', 9),
('O000000153', 'P000000020', 4),
('O000000153', 'P000000042', 1),
('O000000154', 'P000000050', 11),
('O000000154', 'P000000042', 1),
('O000000154', 'P000000053', 11),
('O000000155', 'P000000046', 2),
('O000000155', 'P000000041', 8),
('O000000155', 'P000000023', 1),
('O000000156', 'P000000025', 9),
('O000000156', 'P000000035', 1),
('O000000157', 'P000000000', 5),
('O000000157', 'P000000054', 3),
('O000000157', 'P000000018', 8),
('O000000158', 'P000000042', 1),
('O000000158', 'P000000048', 1),
('O000000159', 'P000000049', 5),
('O000000159', 'P000000052', 1),
('O000000160', 'P000000018', 10),
('O000000161', 'P000000024', 1),
('O000000161', 'P000000015', 4),
('O000000161', 'P000000020', 2),
('O000000162', 'P000000021', 1),
('O000000162', 'P000000042', 1),
('O000000162', 'P000000020', 3),
('O000000163', 'P000000036', 4),
('O000000164', 'P000000018', 6),
('O000000164', 'P000000040', 1),
('O000000164', 'P000000035', 1),
('O000000165', 'P000000016', 1),
('O000000166', 'P000000050', 8),
('O000000166', 'P000000053', 18),
('O000000167', 'P000000037', 2),
('O000000168', 'P000000051', 1),
('O000000169', 'P000000032', 11),
('O000000169', 'P000000039', 1),
('O000000170', 'P000000053', 19),
('O000000171', 'P000000017', 5),
('O000000171', 'P000000007', 2),
('O000000171', 'P000000036', 5),
('O000000172', 'P000000037', 2),
('O000000173', 'P000000028', 7),
('O000000174', 'P000000007', 3),
('O000000175', 'P000000051', 2),
('O000000176', 'P000000002', 1),
('O000000176', 'P000000049', 14),
('O000000177', 'P000000013', 1),
('O000000178', 'P000000039', 2),
('O000000179', 'P000000038', 1),
('O000000179', 'P000000040', 1),
('O000000180', 'P000000019', 15),
('O000000180', 'P000000003', 1),
('O000000180', 'P000000015', 9),
('O000000181', 'P000000009', 4),
('O000000181', 'P000000016', 1),
('O000000181', 'P000000028', 8),
('O000000182', 'P000000025', 10),
('O000000182', 'P000000019', 13),
('O000000182', 'P000000015', 8),
('O000000183', 'P000000032', 6),
('O000000184', 'P000000027', 4),
('O000000184', 'P000000043', 2),
('O000000184', 'P000000014', 5),
('O000000185', 'P000000018', 10),
('O000000186', 'P000000010', 1),
('O000000186', 'P000000015', 6),
('O000000187', 'P000000033', 3),
('O000000188', 'P000000026', 3),
('O000000188', 'P000000050', 12),
('O000000188', 'P000000033', 4),
('O000000189', 'P000000009', 1),
('O000000189', 'P000000043', 3),
('O000000189', 'P000000007', 3),
('O000000190', 'P000000045', 3),
('O000000191', 'P000000052', 1),
('O000000191', 'P000000031', 1),
('O000000192', 'P000000043', 5),
('O000000192', 'P000000031', 1),
('O000000192', 'P000000050', 11),
('O000000193', 'P000000008', 1),
('O000000193', 'P000000043', 4),
('O000000194', 'P000000008', 2),
('O000000195', 'P000000043', 6),
('O000000195', 'P000000049', 5),
('O000000196', 'P000000001', 1),
('O000000197', 'P000000036', 4),
('O000000198', 'P000000052', 1),
('O000000198', 'P000000025', 3),
('O000000198', 'P000000047', 4),
('O000000199', 'P000000045', 3),
('O000000200', 'P000000020', 2),
('O000000201', 'P000000042', 1),
('O000000202', 'P000000037', 1),
('O000000202', 'P000000006', 1),
('O000000202', 'P000000035', 1),
('O000000203', 'P000000006', 1),
('O000000203', 'P000000021', 1),
('O000000203', 'P000000017', 8),
('O000000204', 'P000000049', 7),
('O000000205', 'P000000026', 6),
('O000000205', 'P000000038', 1),
('O000000205', 'P000000035', 1),
('O000000206', 'P000000005', 1),
('O000000206', 'P000000011', 1),
('O000000207', 'P000000053', 20),
('O000000207', 'P000000015', 10),
('O000000208', 'P000000010', 1),
('O000000209', 'P000000033', 5),
('O000000210', 'P000000035', 1),
('O000000210', 'P000000040', 1),
('O000000211', 'P000000031', 1),
('O000000212', 'P000000052', 1),
('O000000213', 'P000000052', 1),
('O000000213', 'P000000036', 5),
('O000000214', 'P000000018', 5),
('O000000214', 'P000000015', 5),
('O000000214', 'P000000025', 5),
('O000000215', 'P000000005', 1),
('O000000215', 'P000000028', 4),
('O000000215', 'P000000027', 3),
('O000000216', 'P000000025', 7),
('O000000216', 'P000000006', 1),
('O000000217', 'P000000017', 8),
('O000000217', 'P000000016', 1),
('O000000218', 'P000000051', 2),
('O000000219', 'P000000038', 1),
('O000000219', 'P000000022', 1),
('O000000220', 'P000000012', 1),
('O000000220', 'P000000002', 1),
('O000000221', 'P000000052', 1),
('O000000222', 'P000000045', 4),
('O000000223', 'P000000018', 7),
('O000000223', 'P000000044', 11),
('O000000224', 'P000000001', 1),
('O000000225', 'P000000039', 1);